Country,InternetUsers,Population,Per capita,2003,2004,2005,2006,2007,2008,Percentage
Brazil,141206801,209288278,2829.28319217077,3070.91049061377,3637.46238925733,4790.43708777366,5886.46358837728,7348.03079355548,8831.02311697566,67.47
China,765367947,1409517397,1148.5082904417,1288.64325183381,1508.66809788266,1753.41782925823,2099.22943460447,2693.96982683485,3468.30446324747,54.30
India,461347554,1339180127,470.98678594916,546.726614478728,627.774247283919,714.861013495661,806.753280628799,1028.33477107667,998.522339019268,34.45
Japan,115845120,127484450,32289.3505360726,34808.3909176613,37688.7223359406,37217.648727917,35433.988963743,35275.2284312667,39339.2975731826,90.87
United States,244090854,324459463,38023.1611144021,39496.4858751381,41712.8010675545,44114.7477776705,46298.7314440927,47975.9676758856,48382.5584490552,75.23
